"experiment","age","matches","passFrequency","noLegalTurns","affordabilityRate","buildOfferRate","trainOfferRate","advanceOfferRate","keystoneOfferRate","buildSelectionRate","trainSelectionRate","advanceSelectionRate","keystoneSelectionRate","endingGrowth","endingInsight","growthIncome","insightIncome","growthSpent","insightSpent","structures","units","perks","keystones","contestedHeldPerTurn","avgPlayerScore","avgSnapshotScore","scoreDiff","tieRate","playerWinRate","combatPerSide","survivalTurns","counterAdvantagePerSide","reachParticipationPerSide","reachProtectionPerSide","riverLaneSelections","highlandLaneSelections","coastLaneSelections"
"BASELINE","ALL","10500","0.114198412698414","57556","0.7258690476190476","0.28794444444443723","0.4064999999999954","0.3055555555555567","0.030333333333331897","0.23986507936507936","0.3323968253968254","0.31353968253968256","0.02892857142857143","155.06542857142858","64.15571428571428","299.59114285714287","102.87933333333334","152.5257142857143","40.723619047619046","5.7567619047619045","7.9775238095238095","7.524952380952381","0.6942857142857143","0.2563055555555549","6.1513333333333335","6.1513333333333335","0","0.3","0.35","14.541333333333334","6.622484840132304","2.484952380952381","0.9785714285714285","0.3323809523809524","12.581142857142858","6.995047619047619","7.892380952380952"
"BASELINE","1","10500","0.16538095238095238","20838","0.7197195767195768","0.5493333333333333","0.27555555555555555","0.1751111111111111","0","0.3925396825396825","0.2368095238095238","0.20526984126984127","0","11.24304761904762","13.70647619047619","CUMULATIVE_ONLY_ALL_ROW","CUMULATIVE_ONLY_ALL_ROW","CUMULATIVE_ONLY_ALL_ROW","CUMULATIVE_ONLY_ALL_ROW","2.355238095238095","1.4208571428571428","1.2316190476190476","SEE_SELECTION_RATE","SEE_ALL_ROW","0.729047619047619","0.729047619047619","0","FINAL_ONLY","FINAL_ONLY","SEE_ALL_ROW","SEE_ALL_ROW","SEE_ALL_ROW","SEE_ALL_ROW","SEE_ALL_ROW","SEE_ALL_ROW","SEE_ALL_ROW","SEE_ALL_ROW"
"BASELINE","2","10500","0.08696825396825397","10958","0.7536190476190476","0.338","0.3893333333333333","0.27266666666666667","0","0.29604761904761906","0.3464920634920635","0.2704920634920635","0","29.809238095238094","28.52352380952381","CUMULATIVE_ONLY_ALL_ROW","CUMULATIVE_ONLY_ALL_ROW","CUMULATIVE_ONLY_ALL_ROW","CUMULATIVE_ONLY_ALL_ROW","4.131523809523809","3.4998095238095237","2.8545714285714285","SEE_SELECTION_RATE","SEE_ALL_ROW","2.183333333333333","2.183333333333333","0","FINAL_ONLY","FINAL_ONLY","SEE_ALL_ROW","SEE_ALL_ROW","SEE_ALL_ROW","SEE_ALL_ROW","SEE_ALL_ROW","SEE_ALL_ROW","SEE_ALL_ROW","SEE_ALL_ROW"
"BASELINE","3","10500","0.06957142857142858","8766","0.7632751322751323","0.2011111111111111","0.43066666666666664","0.36822222222222223","0.058222222222222224","0.21671428571428572","0.35363492063492064","0.36007936507936505","0.071","75.62819047619048","46.66895238095238","CUMULATIVE_ONLY_ALL_ROW","CUMULATIVE_ONLY_ALL_ROW","CUMULATIVE_ONLY_ALL_ROW","CUMULATIVE_ONLY_ALL_ROW","5.431809523809524","5.621619047619047","5.015047619047619","SEE_SELECTION_RATE","SEE_ALL_ROW","4.074666666666666","4.074666666666666","0","FINAL_ONLY","FINAL_ONLY","SEE_ALL_ROW","SEE_ALL_ROW","SEE_ALL_ROW","SEE_ALL_ROW","SEE_ALL_ROW","SEE_ALL_ROW","SEE_ALL_ROW","SEE_ALL_ROW"
"BASELINE","4","10500","0.13487301587301587","16994","0.6668624338624338","0.06333333333333334","0.5304444444444445","0.4062222222222222","0.06311111111111112","0.054158730158730156","0.39265079365079364","0.4183174603174603","0.04471428571428571","155.06542857142858","64.15571428571428","CUMULATIVE_ONLY_ALL_ROW","CUMULATIVE_ONLY_ALL_ROW","CUMULATIVE_ONLY_ALL_ROW","CUMULATIVE_ONLY_ALL_ROW","5.7567619047619045","7.9775238095238095","7.524952380952381","SEE_SELECTION_RATE","SEE_ALL_ROW","6.1513333333333335","6.1513333333333335","0","FINAL_ONLY","FINAL_ONLY","SEE_ALL_ROW","SEE_ALL_ROW","SEE_ALL_ROW","SEE_ALL_ROW","SEE_ALL_ROW","SEE_ALL_ROW","SEE_ALL_ROW","SEE_ALL_ROW"
"MATCHED_BASELINE_START_GROWTH_6","ALL","1200","0.11548611111111089","6652","0.7233680555555555","0.2895833333333338","0.40527777777777885","0.30513888888888846","0.030694444444444708","0.23572916666666666","0.34086805555555555","0.30791666666666667","0.028819444444444446","143.10416666666666","63.62166666666667","287.4266666666667","102.04583333333333","152.3225","40.424166666666665","5.6575","8.180833333333334","7.39","0.6916666666666667","0.351284722222222","8.430833333333334","8.430833333333334","0","0.013333333333333334","0.49333333333333335","11.005","7.198656429942418","3.5241666666666664","0.06916666666666667","0.034166666666666665","12.286666666666667","7.136666666666667","8.253333333333334"
"START_GROWTH_6","ALL","1200","0.16097222222222238","9272","0.6155555555555555","0.2895833333333338","0.40527777777777885","0.30513888888888846","0.030694444444444708","0.15059027777777778","0.3384027777777778","0.3500347222222222","0.03017361111111111","94.63583333333334","53.56583333333333","217.04833333333335","94.97083333333333","128.4125","43.405","3.6141666666666667","8.121666666666666","8.400833333333333","0.7241666666666666","0.35586805555555384","8.540833333333333","8.540833333333333","0","0.021666666666666667","0.4891666666666667","12.611666666666666","7.169685039370079","3.848333333333333","0.13666666666666666","0.0625","9.431666666666667","6.501666666666667","7.538333333333333"
"MATCHED_BASELINE_START_GROWTH_10","ALL","1200","0.11548611111111089","6652","0.7233680555555555","0.2895833333333338","0.40527777777777885","0.30513888888888846","0.030694444444444708","0.23572916666666666","0.34086805555555555","0.30791666666666667","0.028819444444444446","143.10416666666666","63.62166666666667","287.4266666666667","102.04583333333333","152.3225","40.424166666666665","5.6575","8.180833333333334","7.39","0.6916666666666667","0.351284722222222","8.430833333333334","8.430833333333334","0","0.013333333333333334","0.49333333333333335","11.005","7.198656429942418","3.5241666666666664","0.06916666666666667","0.034166666666666665","12.286666666666667","7.136666666666667","8.253333333333334"
"START_GROWTH_10","ALL","1200","0.11097222222222226","6392","0.7167476851851852","0.2895833333333338","0.40527777777777885","0.30513888888888846","0.030694444444444708","0.22913194444444446","0.34975694444444444","0.3101388888888889","0.028888888888888888","139.93833333333333","64.76333333333334","281.3908333333333","103.525","151.4525","40.76166666666666","5.4991666666666665","8.394166666666667","7.443333333333333","0.6933333333333334","0.42364583333333194","10.1675","10.1675","0","0","0.5","11.166666666666666","7.359154929577465","3.535833333333333","0.07416666666666667","0.034166666666666665","12.34","7.135","8.311666666666667"
"MATCHED_BASELINE_START_INSIGHT_0","ALL","1200","0.11548611111111089","6652","0.7233680555555555","0.2895833333333338","0.40527777777777885","0.30513888888888846","0.030694444444444708","0.23572916666666666","0.34086805555555555","0.30791666666666667","0.028819444444444446","143.10416666666666","63.62166666666667","287.4266666666667","102.04583333333333","152.3225","40.424166666666665","5.6575","8.180833333333334","7.39","0.6916666666666667","0.351284722222222","8.430833333333334","8.430833333333334","0","0.013333333333333334","0.49333333333333335","11.005","7.198656429942418","3.5241666666666664","0.06916666666666667","0.034166666666666665","12.286666666666667","7.136666666666667","8.253333333333334"
"START_INSIGHT_0","ALL","1200","0.11565972222222212","6662","0.7178935185185186","0.2895833333333338","0.40527777777777885","0.30513888888888846","0.030694444444444708","0.23847222222222222","0.3409375","0.30493055555555554","0.02875","145.89166666666668","62.26166666666666","290.75666666666666","102.44416666666666","152.865","40.1825","5.723333333333334","8.1825","7.318333333333333","0.69","0.3512847222222221","8.430833333333334","8.430833333333334","0","0.013333333333333334","0.49333333333333335","10.918333333333333","7.145208131655373","3.4775","0.060833333333333336","0.0275","12.37","7.171666666666667","8.27"
"MATCHED_BASELINE_START_INSIGHT_4","ALL","1200","0.11548611111111089","6652","0.7233680555555555","0.2895833333333338","0.40527777777777885","0.30513888888888846","0.030694444444444708","0.23572916666666666","0.34086805555555555","0.30791666666666667","0.028819444444444446","143.10416666666666","63.62166666666667","287.4266666666667","102.04583333333333","152.3225","40.424166666666665","5.6575","8.180833333333334","7.39","0.6916666666666667","0.351284722222222","8.430833333333334","8.430833333333334","0","0.013333333333333334","0.49333333333333335","11.005","7.198656429942418","3.5241666666666664","0.06916666666666667","0.034166666666666665","12.286666666666667","7.136666666666667","8.253333333333334"
"START_INSIGHT_4","ALL","1200","0.11315972222222195","6518","0.7275578703703703","0.2895833333333338","0.40527777777777885","0.30513888888888846","0.030694444444444708","0.23857638888888888","0.3410763888888889","0.3071875","0.028819444444444446","145.7525","65.025","290.85833333333335","101.54333333333334","153.10583333333332","40.51833333333333","5.725833333333333","8.185833333333333","7.3725","0.6916666666666667","0.3518055555555553","8.443333333333333","8.443333333333333","0","0.013333333333333334","0.49333333333333335","11.04","7.202204120747484","3.5441666666666665","0.08333333333333333","0.04083333333333333","12.44","7.126666666666667","8.256666666666666"
"MATCHED_BASELINE_UNIT_HP_75","ALL","1200","0.11548611111111089","6652","0.7233680555555555","0.2895833333333338","0.40527777777777885","0.30513888888888846","0.030694444444444708","0.23572916666666666","0.34086805555555555","0.30791666666666667","0.028819444444444446","143.10416666666666","63.62166666666667","287.4266666666667","102.04583333333333","152.3225","40.424166666666665","5.6575","8.180833333333334","7.39","0.6916666666666667","0.351284722222222","8.430833333333334","8.430833333333334","0","0.013333333333333334","0.49333333333333335","11.005","7.198656429942418","3.5241666666666664","0.06916666666666667","0.034166666666666665","12.286666666666667","7.136666666666667","8.253333333333334"
"UNIT_HP_75","ALL","1200","0.11430555555555534","6584","0.725474537037037","0.2895833333333338","0.40527777777777885","0.30513888888888846","0.030694444444444708","0.23510416666666667","0.34402777777777777","0.3065625","0.028784722222222222","141.48","63.7225","286.69083333333333","101.86083333333333","153.21083333333334","40.138333333333335","5.6425","8.256666666666666","7.3575","0.6908333333333333","0.3570486111111109","8.569166666666666","8.569166666666666","0","0.008333333333333333","0.49583333333333335","9.541666666666666","6.307027875932469","3.0475","0.04583333333333333","0.025","12.256666666666666","7.161666666666667","8.38"
"MATCHED_BASELINE_UNIT_HP_125","ALL","1200","0.11548611111111089","6652","0.7233680555555555","0.2895833333333338","0.40527777777777885","0.30513888888888846","0.030694444444444708","0.23572916666666666","0.34086805555555555","0.30791666666666667","0.028819444444444446","143.10416666666666","63.62166666666667","287.4266666666667","102.04583333333333","152.3225","40.424166666666665","5.6575","8.180833333333334","7.39","0.6916666666666667","0.351284722222222","8.430833333333334","8.430833333333334","0","0.013333333333333334","0.49333333333333335","11.005","7.198656429942418","3.5241666666666664","0.06916666666666667","0.034166666666666665","12.286666666666667","7.136666666666667","8.253333333333334"
"UNIT_HP_125","ALL","1200","0.11631944444444434","6700","0.7214467592592593","0.2895833333333338","0.40527777777777885","0.30513888888888846","0.030694444444444708","0.23572916666666666","0.3380902777777778","0.3098611111111111","0.029131944444444443","143.82166666666666","63.56166666666667","287.07916666666665","102.4025","151.2575","40.840833333333336","5.6575","8.114166666666666","7.4366666666666665","0.6991666666666667","0.3511805555555559","8.428333333333333","8.428333333333333","0","0.006666666666666667","0.49666666666666665","12.368333333333334","8.064809550881183","3.9141666666666666","0.085","0.03333333333333333","12.303333333333333","7.101666666666667","8.138333333333334"
"MATCHED_BASELINE_BUILD_CUTOFF_14","ALL","1200","0.11548611111111089","6652","0.7233680555555555","0.2895833333333338","0.40527777777777885","0.30513888888888846","0.030694444444444708","0.23572916666666666","0.34086805555555555","0.30791666666666667","0.028819444444444446","143.10416666666666","63.62166666666667","287.4266666666667","102.04583333333333","152.3225","40.424166666666665","5.6575","8.180833333333334","7.39","0.6916666666666667","0.351284722222222","8.430833333333334","8.430833333333334","0","0.013333333333333334","0.49333333333333335","11.005","7.198656429942418","3.5241666666666664","0.06916666666666667","0.034166666666666665","12.286666666666667","7.136666666666667","8.253333333333334"
"BUILD_CUTOFF_14","ALL","1200","0.11680555555555559","6728","0.7189236111111111","0.23944444444444463","0.42868055555555484","0.33187499999999986","0.03472222222222239","0.18385416666666668","0.3651041666666667","0.3342361111111111","0.03131944444444444","128.81","50.68","257.86583333333334","92.97916666666667","137.05583333333334","44.299166666666665","4.4125","8.7625","8.021666666666667","0.7516666666666667","0.36239583333333275","8.6975","8.6975","0","0.006666666666666667","0.49666666666666665","12.456666666666667","7.810929397686478","4.0475","0.075","0.035833333333333335","10.938333333333333","7.151666666666666","8.26"
"MATCHED_BASELINE_BUILD_CUTOFF_18","ALL","1200","0.11548611111111089","6652","0.7233680555555555","0.2895833333333338","0.40527777777777885","0.30513888888888846","0.030694444444444708","0.23572916666666666","0.34086805555555555","0.30791666666666667","0.028819444444444446","143.10416666666666","63.62166666666667","287.4266666666667","102.04583333333333","152.3225","40.424166666666665","5.6575","8.180833333333334","7.39","0.6916666666666667","0.351284722222222","8.430833333333334","8.430833333333334","0","0.013333333333333334","0.49333333333333335","11.005","7.198656429942418","3.5241666666666664","0.06916666666666667","0.034166666666666665","12.286666666666667","7.136666666666667","8.253333333333334"
"BUILD_CUTOFF_18","ALL","1200","0.11572916666666658","6666","0.7221527777777778","0.27402777777777726","0.41333333333333394","0.31263888888888897","0.03229166666666689","0.2220486111111111","0.3470486111111111","0.3151736111111111","0.029722222222222223","141.89333333333335","59.185833333333335","281.36583333333334","99.1775","147.4725","41.99166666666667","5.329166666666667","8.329166666666667","7.564166666666667","0.7133333333333334","0.35187499999999944","8.445","8.445","0","0.013333333333333334","0.49333333333333335","11.445","7.336941813261164","3.6925","0.0775","0.03833333333333333","11.995","7.12","8.201666666666666"
"MATCHED_BASELINE_LATE_BUILD_COST_75","ALL","1200","0.11548611111111089","6652","0.7233680555555555","0.2895833333333338","0.40527777777777885","0.30513888888888846","0.030694444444444708","0.23572916666666666","0.34086805555555555","0.30791666666666667","0.028819444444444446","143.10416666666666","63.62166666666667","287.4266666666667","102.04583333333333","152.3225","40.424166666666665","5.6575","8.180833333333334","7.39","0.6916666666666667","0.351284722222222","8.430833333333334","8.430833333333334","0","0.013333333333333334","0.49333333333333335","11.005","7.198656429942418","3.5241666666666664","0.06916666666666667","0.034166666666666665","12.286666666666667","7.136666666666667","8.253333333333334"
"LATE_BUILD_COST_75","ALL","1200","0.11475694444444415","6610","0.7258333333333333","0.2895833333333338","0.40527777777777885","0.30513888888888846","0.030694444444444708","0.24232638888888888","0.3382986111111111","0.30461805555555554","0.028576388888888887","146.2825","65.08166666666666","290.66833333333335","102.79333333333334","152.38583333333332","39.711666666666666","5.815833333333333","8.119166666666667","7.310833333333333","0.6858333333333333","0.35010416666666627","8.4025","8.4025","0","0.015","0.4925","10.868333333333334","7.1323888617489","3.4925","0.07083333333333333","0.035833333333333335","12.465","7.145","8.26"
"MATCHED_BASELINE_LATE_BUILD_COST_125","ALL","1200","0.11548611111111089","6652","0.7233680555555555","0.2895833333333338","0.40527777777777885","0.30513888888888846","0.030694444444444708","0.23572916666666666","0.34086805555555555","0.30791666666666667","0.028819444444444446","143.10416666666666","63.62166666666667","287.4266666666667","102.04583333333333","152.3225","40.424166666666665","5.6575","8.180833333333334","7.39","0.6916666666666667","0.351284722222222","8.430833333333334","8.430833333333334","0","0.013333333333333334","0.49333333333333335","11.005","7.198656429942418","3.5241666666666664","0.06916666666666667","0.034166666666666665","12.286666666666667","7.136666666666667","8.253333333333334"
"LATE_BUILD_COST_125","ALL","1200","0.11618055555555533","6692","0.721712962962963","0.2895833333333338","0.40527777777777885","0.30513888888888846","0.030694444444444708","0.22947916666666668","0.3436458333333333","0.31069444444444444","0.029097222222222222","140.73666666666668","62.155","283.8958333333333","101.17916666666666","151.15916666666666","41.024166666666666","5.5075","8.2475","7.456666666666667","0.6983333333333334","0.352083333333333","8.45","8.45","0","0.011666666666666667","0.49416666666666664","11.175","7.2785281788542155","3.5991666666666666","0.07666666666666666","0.03666666666666667","12.12","7.141666666666667","8.248333333333333"
"MATCHED_BASELINE_NO_REACH_PROTECTION","ALL","1200","0.11548611111111089","6652","0.7233680555555555","0.2895833333333338","0.40527777777777885","0.30513888888888846","0.030694444444444708","0.23572916666666666","0.34086805555555555","0.30791666666666667","0.028819444444444446","143.10416666666666","63.62166666666667","287.4266666666667","102.04583333333333","152.3225","40.424166666666665","5.6575","8.180833333333334","7.39","0.6916666666666667","0.351284722222222","8.430833333333334","8.430833333333334","0","0.013333333333333334","0.49333333333333335","11.005","7.198656429942418","3.5241666666666664","0.06916666666666667","0.034166666666666665","12.286666666666667","7.136666666666667","8.253333333333334"
"NO_REACH_PROTECTION","ALL","1200","0.11548611111111089","6652","0.7233680555555555","0.2895833333333338","0.40527777777777885","0.30513888888888846","0.030694444444444708","0.23572916666666666","0.34086805555555555","0.30791666666666667","0.028819444444444446","143.10416666666666","63.62166666666667","287.4266666666667","102.04583333333333","152.3225","40.424166666666665","5.6575","8.180833333333334","7.39","0.6916666666666667","0.3513194444444442","8.431666666666667","8.431666666666667","0","0.013333333333333334","0.49333333333333335","11.005","7.197122302158274","3.5241666666666664","0.06916666666666667","0","12.286666666666667","7.136666666666667","8.253333333333334"
"MATCHED_BASELINE_NO_DAMAGE_OVERFLOW","ALL","1200","0.11548611111111089","6652","0.7233680555555555","0.2895833333333338","0.40527777777777885","0.30513888888888846","0.030694444444444708","0.23572916666666666","0.34086805555555555","0.30791666666666667","0.028819444444444446","143.10416666666666","63.62166666666667","287.4266666666667","102.04583333333333","152.3225","40.424166666666665","5.6575","8.180833333333334","7.39","0.6916666666666667","0.351284722222222","8.430833333333334","8.430833333333334","0","0.013333333333333334","0.49333333333333335","11.005","7.198656429942418","3.5241666666666664","0.06916666666666667","0.034166666666666665","12.286666666666667","7.136666666666667","8.253333333333334"
"NO_DAMAGE_OVERFLOW","ALL","1200","0.1155208333333331","6654","0.7233333333333334","0.2895833333333338","0.40527777777777885","0.30513888888888846","0.030694444444444708","0.23572916666666666","0.34065972222222224","0.30809027777777775","0.028819444444444446","143.15666666666667","63.58833333333333","287.4033333333333","102.04666666666667","152.24666666666667","40.458333333333336","5.6575","8.175833333333333","7.394166666666667","0.6916666666666667","0.35090277777777756","8.421666666666667","8.421666666666667","0","0.013333333333333334","0.49333333333333335","11.048333333333334","7.171179883945841","3.5341666666666667","0.07083333333333333","0.035","12.286666666666667","7.136666666666667","8.243333333333334"
